Node,x,y,Shape_Area,acres,treat
1,-80.44481083,25.54599054,97948.40682,2.248581986,nothing
2,-80.49648852,25.52226504,49991.99659,1.147656267,nothing
3,-80.52516924,25.53493158,111282.8795,2.554698808,fungicide
4,-80.42362702,25.55213796,212090.9348,4.868929172,stumping
5,-80.49910689,25.47293724,63281.55811,1.452742073,scout & rogue
6,-80.4907,25.63008861,211881.7184,4.864126233,scout & rogue
7,-80.43496062,25.55935879,222581.496,5.109758887,stumping
8,-80.48838047,25.49629179,541411.4208,12.42907371,fungicide
9,-80.50860678,25.55433971,407330.3027,9.351000293,fungicide
10,-80.46280163,25.54841805,220376.9255,5.059149003,stumping
11,-80.49254894,25.55074883,39669.07934,0.910675121,stumping
12,-80.52598926,25.57504423,273511.5668,6.278950337,scout & rogue
13,-80.44792962,25.53711727,209397.9461,4.807106769,nothing
14,-80.51157488,25.53828648,417473.8108,9.58386278,nothing
15,-80.55120512,25.51278238,109410.2752,2.511709806,stumping
16,-80.45554864,25.53144188,899402.9883,20.64741452,stumping
17,-80.4991142,25.57131002,221075.5523,5.075187239,scout & rogue
18,-80.4200334,25.54797845,222732.5487,5.113226574,scout & rogue
19,-80.50868562,25.54059834,370672.7707,8.509460662,nothing
20,-80.4241539,25.55373834,357953.51,8.217467138,scout & rogue
21,-80.48175675,25.56325712,445279.2242,10.22218609,scout & rogue
22,-80.49318854,25.52881966,67626.44874,1.552486858,fungicide
23,-80.45735089,25.57386802,190894.0999,4.382317673,fungicide
24,-80.50292444,25.54382184,226163.2642,5.191984824,scout & rogue
25,-80.48816249,25.49997756,644723.7543,14.80079428,scout & rogue
26,-80.49298724,25.51043507,216695.2856,4.974630332,stumping
27,-80.48505953,25.53158202,216212.7633,4.963553165,scout & rogue
28,-80.45231894,25.51253978,222372.8973,5.104970129,fungicide
29,-80.49091764,25.62055267,217572.3285,4.994764431,stumping
30,-80.49410923,25.59243165,425283.8728,9.763156811,scout & rogue
31,-80.52011192,25.52232676,1114150.813,25.57733738,stumping
32,-80.46674335,25.58829988,208108.9689,4.777515977,fungicide
33,-80.50641127,25.49061202,207246.0568,4.757706277,scout & rogue
34,-80.50012461,25.57129253,221669.4727,5.088821751,nothing
35,-80.51706574,25.53452262,208152.1273,4.778506756,fungicide
36,-80.44045993,25.55519081,209488.527,4.809186217,scout & rogue
37,-80.49450417,25.62463558,212764.4983,4.884392035,nothing
38,-80.44246566,25.54862585,235309.3562,5.401949828,stumping
39,-80.53930954,25.47897919,123483.8292,2.83479357,scout & rogue
40,-80.50732628,25.52135186,221517.6657,5.085336748,nothing
41,-80.49668875,25.59346143,203471.59,4.671056597,scout & rogue
42,-80.40170156,25.55322466,884959.3059,20.31583379,nothing
43,-80.55932636,25.4696134,80647.98677,1.851419703,fungicide
44,-80.51200251,25.53506926,111572.9804,2.561358596,nothing
45,-80.45645109,25.60516552,442380.3879,10.15563809,scout & rogue
46,-80.47078669,25.49860354,52435.22709,1.203745021,stumping
47,-80.4826388,25.4944649,415073.1014,9.528750174,stumping
48,-80.53848743,25.5394937,54134.18621,1.242747686,fungicide
49,-80.46755705,25.54830965,58979.94152,1.353990721,nothing
50,-80.48356715,25.53678222,208373.397,4.7835864,scout & rogue
51,-80.41431877,25.58888955,439807.4014,10.09657055,scout & rogue
52,-80.44874212,25.51444034,113975.5619,2.616514179,nothing
53,-80.48533929,25.57459497,209830.5484,4.817037934,scout & rogue
54,-80.52131775,25.45396827,207791.4331,4.770226371,scout & rogue
55,-80.48757218,25.59152868,431017.1283,9.894774011,fungicide
56,-80.48627402,25.49850643,88179.64455,2.024322464,fungicide
57,-80.53710888,25.41196371,195174.0291,4.480571151,nothing
58,-80.42038056,25.58013036,196281.5539,4.505996377,stumping
59,-80.4240311,25.54236064,657491.7476,15.09390655,fungicide
60,-80.50549042,25.54564549,449290.231,10.31426598,stumping
61,-80.49294483,25.50951435,212170.5607,4.870757128,scout & rogue
62,-80.52756481,25.40830102,129015.4839,2.961782661,fungicide
63,-80.42461092,25.57413535,219338.2067,5.035303344,stumping
64,-80.49466027,25.51951983,76670.1447,1.760101178,stumping
65,-80.49090964,25.61863327,213231.4671,4.895112144,nothing
66,-80.43053011,25.59074468,43402.96661,0.996393224,stumping
67,-80.49646527,25.55667017,870809.9967,19.99101093,stumping
68,-80.48449061,25.50001033,105923.9242,2.431674343,nothing
69,-80.50468443,25.50572869,110319.2135,2.53257612,fungicide
70,-80.48482121,25.54073732,265724.2132,6.100177618,nothing
71,-80.50110136,25.56943958,218502.7065,5.016122933,fungicide
72,-80.43889735,25.55285364,452616.9226,10.39063617,stumping
73,-80.49343419,25.50502517,38328.82893,0.87990726,scout & rogue
74,-80.44412921,25.51658399,111542.6044,2.560661261,scout & rogue
75,-80.51545679,25.4814683,207626.5426,4.766441013,nothing
76,-80.51712629,25.50685641,308580.1793,7.08401346,fungicide
77,-80.52658335,25.41478217,103270.8025,2.370767159,fungicide
78,-80.5351012,25.51973811,221734.9997,5.090326041,stumping
79,-80.44874814,25.51536667,113609.3619,2.608107399,nothing
80,-80.49867867,25.5776997,3448181.302,79.15920851,stumping
81,-80.52820394,25.53445139,216080.0959,4.960507546,scout & rogue
82,-80.51340415,25.58450163,108401.5569,2.488552861,nothing
83,-80.51969012,25.50853112,698893.8653,16.04436669,nothing
84,-80.51311574,25.55990434,218622.1078,5.018864004,fungicide
85,-80.53358891,25.54754765,48182.90465,1.106125305,stumping
86,-80.49519921,25.51776479,243526.0289,5.59057834,fungicide
87,-80.51243721,25.59095114,102160.285,2.345273231,stumping
88,-80.43430498,25.5500984,414607.2505,9.518055728,fungicide
89,-80.52226984,25.54455921,451393.6638,10.36255406,scout & rogue
90,-80.44949078,25.51236333,7875.276949,0.180791158,fungicide
91,-80.52403549,25.57742239,274939.8848,6.311739947,nothing
92,-80.52022646,25.54833522,1390674.023,31.92542541,scout & rogue
93,-80.5316682,25.52960065,98927.50122,2.27105886,nothing
94,-80.40017412,25.55236302,207677.3124,4.767606525,fungicide
95,-80.53357284,25.52501833,104373.7859,2.396088128,fungicide
96,-80.52760863,25.52481653,219761.1363,5.045012454,stumping
97,-80.51545581,25.47586482,219110.1147,5.030067081,fungicide
98,-80.47064565,25.51474012,467323.4524,10.72825103,fungicide
99,-80.51379543,25.56702707,103082.8618,2.366452642,nothing
100,-80.52355781,25.52371138,110156.6887,2.528845071,stumping
101,-80.46881772,25.59184638,221770.8467,5.091148974,fungicide
102,-80.52775741,25.43480188,1749098.842,40.1537123,nothing
103,-80.47080257,25.53078281,200681.9302,4.607014935,nothing
104,-80.46282552,25.5536967,76381.85746,1.753483025,nothing
105,-80.48893181,25.51460996,414537.8549,9.516462627,scout & rogue
106,-80.51057622,25.44582986,881042.6262,20.22591936,fungicide
107,-80.52552214,25.52483786,206700.6923,4.745186453,nothing
108,-80.41947235,25.59423318,2056514.027,47.21098122,fungicide
109,-80.48798827,25.49241002,22258.32028,0.510979807,nothing
110,-80.52889771,25.55595864,426080.8906,9.781453789,nothing
111,-80.41031954,25.59516541,98807.3059,2.26829956,stumping
112,-80.50642562,25.42391389,2663864.35,61.15380111,nothing
113,-80.51556155,25.42982948,473209.4711,10.86337519,fungicide
114,-80.48009915,25.53344404,419410.1843,9.628315719,fungicide
115,-80.52919715,25.54397412,52671.01851,1.209158038,fungicide
116,-80.47486522,25.52616688,226609.7719,5.202235212,fungicide
117,-80.46978852,25.59040372,84696.88176,1.944369375,stumping
118,-80.51743802,25.59181953,108523.2741,2.491347099,fungicide
119,-80.49347978,25.53143317,20161.67102,0.462847449,nothing
120,-80.50934134,25.52589324,208559.7704,4.787864937,fungicide
121,-80.46213042,25.49508853,217531.6942,4.993831597,stumping
122,-80.50772684,25.61639897,111941.5378,2.569819495,scout & rogue
123,-80.53257973,25.42172349,99404.53928,2.282010127,nothing
124,-80.55129312,25.5180317,202211.7901,4.642135623,scout & rogue
125,-80.42210119,25.54658026,171132.5788,3.928656385,nothing
126,-80.47878064,25.57089839,74361.74188,1.707107636,scout & rogue
127,-80.4861977,25.48851161,85882.13607,1.971579021,stumping
128,-80.48489995,25.57687686,220403.2475,5.059753272,fungicide
129,-80.41439387,25.5902316,204270.7988,4.689403874,stumping
130,-80.48780786,25.52058213,55449.62268,1.272945898,stumping
131,-80.41382217,25.58703537,232836.6041,5.345183353,scout & rogue
132,-80.48922667,25.49803595,180893.6905,4.152740274,fungicide
133,-80.52307,25.52714749,224769.2279,5.159982211,stumping
134,-80.46063481,25.54017335,190966.241,4.383973801,fungicide
135,-80.4270488,25.54978566,1057087.467,24.26734556,nothing
136,-80.47882915,25.49280149,310480.9127,7.127648217,fungicide
137,-80.43428445,25.5483101,441119.0469,10.12668174,fungicide
138,-80.4327502,25.55293717,410532.7941,9.424519248,stumping
139,-80.40739795,25.56002316,104748.5826,2.404692261,fungicide
140,-80.43827393,25.53119189,206191.9754,4.733507941,nothing
141,-80.52746735,25.49553984,202479.6962,4.64828589,fungicide
142,-80.52552134,25.5152068,882902.1466,20.268608,stumping
143,-80.48481316,25.51831137,516032.0826,11.84644531,nothing
144,-80.45099498,25.5407267,225175.1792,5.169301554,stumping
145,-80.43611753,25.53122781,216047.4153,4.959757304,scout & rogue
146,-80.48468015,25.60782324,106942.888,2.455066491,nothing
147,-80.46898759,25.51657582,283418.9467,6.506392076,nothing
148,-80.48016378,25.49810498,209781.6859,4.815916207,nothing
149,-80.50334634,25.53148229,222464.5362,5.107073865,stumping
150,-80.47902138,25.53436121,221455.5471,5.083910704,stumping
151,-80.52024945,25.55201016,1314787.917,30.18332325,stumping
152,-80.44268514,25.56339117,211799.6665,4.862242584,nothing
153,-80.52359544,25.52417048,108555.8842,2.492095722,nothing
154,-80.50347498,25.4282969,211632.3852,4.858402341,stumping
155,-80.48292534,25.59160057,207807.3935,4.770592771,scout & rogue
156,-80.51903823,25.51761996,89266.24222,2.049267269,fungicide
157,-80.40962202,25.55278081,496781.3381,11.40450982,fungicide
158,-80.46849785,25.61387619,108534.486,2.491604488,fungicide
159,-80.41553153,25.56503567,115956.8233,2.661997601,scout & rogue
160,-80.46321686,25.50715971,21790.82897,0.500247702,scout & rogue
161,-80.44845127,25.54070531,427863.7967,9.822383608,fungicide
162,-80.52371119,25.5935687,87366.34731,2.005651762,fungicide
163,-80.4406424,25.5647569,410218.2708,9.417298799,stumping
164,-80.48238164,25.51278905,224555.9793,5.155086706,scout & rogue
165,-80.55376665,25.51802828,391062.0979,8.977534369,stumping
166,-80.52141736,25.46172627,129759.3002,2.978858303,fungicide
167,-80.53601955,25.45533257,427780.1718,9.820463848,fungicide
168,-80.4035626,25.5572992,40312.1891,0.925438863,scout & rogue
169,-80.38706331,25.55200266,103347.0581,2.372517743,stumping
170,-80.50812935,25.544492,1364797.206,31.3313765,nothing
171,-80.45871489,25.54943312,223078.3771,5.121165687,stumping
172,-80.54939599,25.53117344,101101.2004,2.320960037,nothing
173,-80.51153356,25.49245828,211000.5948,4.843898455,scout & rogue
174,-80.46999932,25.49114457,70974.38553,1.629344774,stumping
175,-80.48697564,25.50954587,211446.6021,4.854137355,stumping
176,-80.44626852,25.5200097,201472.1503,4.62515586,stumping
177,-80.51355274,25.50514334,295330.4241,6.77984148,nothing
178,-80.45405639,25.64944081,292121.6816,6.70617902,nothing
179,-80.49476284,25.52741432,195266.4181,4.482692107,fungicide
180,-80.52490427,25.50060747,423992.1907,9.733503923,fungicide
181,-80.44687048,25.5297239,226454.4959,5.198670571,fungicide
182,-80.44624484,25.5737949,49466.38277,1.135589856,stumping
183,-80.48404939,25.49587882,60826.34969,1.396378345,scout & rogue
184,-80.48954891,25.53359379,332802.5012,7.64008046,fungicide
185,-80.48803881,25.49803844,103281.9317,2.37102265,nothing
186,-80.39736241,25.56749868,112557.4591,2.583959077,nothing
187,-80.43413541,25.53332023,111769.3797,2.565867296,fungicide
188,-80.45475119,25.54983332,387203.2766,8.88894818,fungicide
189,-80.4631831,25.58605098,195046.1099,4.477634536,scout & rogue
190,-80.42334818,25.5545709,8689.567143,0.199484655,nothing
191,-80.47090926,25.5014079,114797.9376,2.635393294,nothing
192,-80.46035945,25.50750791,422829.1958,9.706805282,nothing
193,-80.45457815,25.537477,220201.6418,5.05512505,nothing
194,-80.48730146,25.52058333,55701.64993,1.278731637,fungicide
195,-80.4931881,25.53055651,172139.2506,3.951766348,stumping
196,-80.51332244,25.51286959,118479.9123,2.719919651,stumping
197,-80.43132906,25.52857536,55508.78821,1.274304149,fungicide
198,-80.42343634,25.58245095,1779310.843,40.84728316,fungicide
199,-80.50976961,25.52138656,90479.01308,2.077108607,scout & rogue
200,-80.4889264,25.53368762,70678.15095,1.622544176,scout & rogue
201,-80.49528574,25.52970804,210461.4511,4.831521441,scout & rogue
202,-80.48884984,25.50728687,390700.4553,8.969232212,scout & rogue
203,-80.427892,25.58080045,2410.703887,0.055342047,scout & rogue
204,-80.52497046,25.46133131,449054.9562,10.30886482,fungicide
205,-80.48280392,25.50540669,417161.66,9.576696796,scout & rogue
206,-80.48666171,25.62918679,202487.2499,4.648459299,scout & rogue
207,-80.44317529,25.57208502,212534.7672,4.879118144,fungicide
208,-80.50895072,25.53457965,206270.9629,4.735321241,stumping
209,-80.52745209,25.4937379,203134.6743,4.663322091,stumping
210,-80.53437445,25.40467438,280441.7172,6.438044413,fungicide
211,-80.50001787,25.55847602,223751.5087,5.136618635,nothing
212,-80.50474145,25.62728758,209587.0521,4.811448038,nothing
213,-80.51037944,25.57442137,58704.83963,1.347675262,nothing
214,-80.52988669,25.41771823,53348.32693,1.224706872,fungicide
215,-80.46469729,25.53132771,439337.819,10.08579044,scout & rogue
216,-80.46756872,25.54932764,58801.4897,1.349894039,nothing
217,-80.4477493,25.5352222,147820.3455,3.393482108,scout & rogue
218,-80.44133635,25.51266747,46343.79011,1.063905121,stumping
219,-80.50359266,25.46054448,1770933.002,40.65495474,nothing
220,-80.54300165,25.44343309,207371.1678,4.760578425,fungicide
221,-80.54978204,25.4790202,82939.13373,1.904017105,stumping
222,-80.48147311,25.52891775,98332.33338,2.257395711,nothing
223,-80.49792385,25.518988,223214.8802,5.124299362,nothing
224,-80.50749917,25.60777714,221119.6151,5.07619878,stumping
225,-80.42796216,25.58080552,2265.414101,0.052006658,fungicide
226,-80.42237582,25.55800761,41016.35442,0.941604245,nothing
227,-80.48156538,25.51422022,46261.27837,1.062010915,stumping
228,-80.42537059,25.54082776,636924.7202,14.62175342,nothing
229,-80.44940822,25.4902538,400035.8701,9.183543463,nothing
230,-80.52729799,25.48461868,221950.1673,5.095265601,fungicide
231,-80.44386317,25.52609436,143697.5918,3.298836875,fungicide
232,-80.46276866,25.56700406,43155.078,0.990702495,fungicide
233,-80.45030187,25.51302901,430448.6231,9.881722951,nothing
234,-80.53819839,25.41195296,190169.7252,4.365688347,stumping
235,-80.46211576,25.49418065,217383.9074,4.990438885,nothing
236,-80.53402947,25.56517085,172481.7324,3.959628634,fungicide
237,-80.42298362,25.58594716,398665.8663,9.152092559,stumping
238,-80.52290809,25.4595114,446798.2203,10.25705738,nothing
239,-80.49898794,25.55666281,221435.3875,5.083447904,stumping
240,-80.46886353,25.51247683,181969.7836,4.177443928,fungicide
241,-80.52048326,25.44669733,118802.013,2.727314052,nothing
242,-80.41033869,25.59431489,99680.35784,2.288342039,stumping
243,-80.44784398,25.5456892,1355285.765,31.11302425,scout & rogue
244,-80.42762274,25.58080102,15676.13906,0.359873989,nothing
245,-80.43419073,25.59459681,181725.8483,4.171843954,nothing
246,-80.42816053,25.55434436,209547.2623,4.810534591,fungicide
247,-80.46692544,25.55620329,896154.7357,20.57284504,scout & rogue
248,-80.5011926,25.52193,388833.1103,8.926363947,scout & rogue
249,-80.43885452,25.54410113,102352.1514,2.349677869,stumping
250,-80.51983688,25.56244029,220504.5803,5.062079549,scout & rogue
251,-80.47010165,25.59359041,102058.1219,2.342927893,fungicide
252,-80.50332135,25.48269828,55789.49273,1.280748227,nothing
253,-80.50211355,25.56942538,227751.3693,5.228442635,nothing
254,-80.43413167,25.53217527,220446.4626,5.060745353,fungicide
255,-80.5149931,25.52764254,124463.9093,2.857293073,stumping
256,-80.47879382,25.56278514,36753.60901,0.843745251,nothing
257,-80.48834058,25.52681102,533676.3812,12.25150195,stumping
258,-80.52967604,25.53076541,450259.689,10.33652163,nothing
259,-80.52018835,25.48606825,1704169.218,39.1222719,nothing
260,-80.5021971,25.59101258,90026.48014,2.066719899,nothing
261,-80.43003447,25.53404675,212450.2654,4.877178253,scout & rogue
262,-80.53656971,25.50781197,1762925.009,40.47111685,scout & rogue
263,-80.51774731,25.61361448,116974.6704,2.685364113,scout & rogue
264,-80.50792284,25.53654783,204768.4739,4.700828902,stumping
265,-80.5213908,25.45955801,211578.5851,4.857167262,nothing
266,-80.52203942,25.51893334,416696.6753,9.566022236,stumping
267,-80.49847468,25.43652877,95985.58927,2.203521976,fungicide
268,-80.54430472,25.53029363,116204.665,2.667687253,scout & rogue
269,-80.51792048,25.50031022,57646.63148,1.32338219,stumping
270,-80.518634,25.6099904,103278.7715,2.370950102,stumping
271,-80.42791795,25.53218504,197696.3447,4.538475446,nothing
272,-80.43260662,25.52763147,58974.16658,1.353858147,scout & rogue
273,-80.47228575,25.52482645,225156.8529,5.168880841,fungicide
274,-80.49093608,25.63684361,407527.4968,9.355527239,stumping
275,-80.47646317,25.61102542,98504.64769,2.261351496,fungicide
276,-80.49883557,25.48297824,204524.6808,4.695232192,nothing
277,-80.53252017,25.50189726,431795.788,9.912649546,stumping
278,-80.53200817,25.50786082,412236.0526,9.463620612,stumping
279,-80.51561231,25.43804116,438950.6111,10.07690139,nothing
280,-80.45246217,25.53291864,196115.795,4.502191083,stumping
281,-80.50916994,25.46047023,442010.0069,10.14713533,fungicide
282,-80.41686525,25.59220945,1002998.266,23.02563059,stumping
283,-80.52917238,25.54127659,56897.20824,1.30617783,fungicide
284,-80.52587132,25.50330145,208392.4342,4.784023433,stumping
285,-80.53715947,25.52702903,194025.156,4.454196701,fungicide
286,-80.51371124,25.55342633,218850.2053,5.024100393,nothing
287,-80.48148339,25.52978163,108900.1419,2.499998778,nothing
288,-80.49349001,25.57812378,70446.65,1.617229655,nothing
289,-80.51229881,25.47052869,226394.8554,5.197301416,stumping
290,-80.44657109,25.55507984,222665.2158,5.111680826,stumping
291,-80.4649876,25.51292468,225657.1276,5.180365547,fungicide
292,-80.52194827,25.51153729,1290253.214,29.62008498,stumping
293,-80.50585535,25.52893514,173642.6863,3.986280421,nothing
294,-80.51605761,25.50345502,764455.5651,17.54945352,stumping
295,-80.47534994,25.52478121,223330.862,5.126961933,scout & rogue
296,-80.50750469,25.53511156,209075.3934,4.799701991,scout & rogue
297,-80.44618939,25.51728795,244849.9596,5.620971553,stumping
298,-80.46380115,25.55603829,212107.4157,4.869307521,stumping
299,-80.4282671,25.56375978,105114.3342,2.413088747,nothing
300,-80.44257681,25.5569684,212131.5537,4.869861652,fungicide
301,-80.49648288,25.52923934,107487.4557,2.467568023,fungicide
302,-80.53617161,25.56669772,103780.0452,2.382457742,fungicide
303,-80.48716894,25.53843598,450497.1699,10.34197343,fungicide
304,-80.51754676,25.53158062,109585.5315,2.51573313,fungicide
305,-80.46298387,25.54455295,256985.5554,5.899565998,nothing
306,-80.52375071,25.4402922,3567235.661,81.89231562,nothing
307,-80.52558875,25.52575134,223690.901,5.135227276,fungicide
308,-80.41599935,25.54753041,1731317.811,39.74551672,nothing
309,-80.43423771,25.5423303,240157.0745,5.513237928,scout & rogue
310,-80.4281016,25.54285793,455705.7923,10.46154673,fungicide
311,-80.39164875,25.54464433,49412.10162,1.134343734,nothing
312,-80.52344045,25.46127798,211443.651,4.854069607,scout & rogue
313,-80.47613271,25.55878732,883675.1738,20.28635423,scout & rogue
314,-80.5073878,25.46347874,1036237.329,23.78869311,nothing
315,-80.45792696,25.52039063,226923.3632,5.209434264,scout & rogue
316,-80.53232194,25.48552872,447556.3053,10.27446059,fungicide
317,-80.53731195,25.43773852,47674.41409,1.094451989,fungicide
318,-80.46184188,25.60154066,222510.1742,5.108121567,nothing
319,-80.50868706,25.46478885,119595.5111,2.745530229,nothing
320,-80.49106706,25.51044615,204263.211,4.689229682,nothing
321,-80.48663894,25.53661001,219500.6149,5.039031716,stumping
322,-80.46036964,25.50861126,113219.734,2.599162789,stumping
323,-80.47384809,25.60821491,227473.1091,5.222054671,fungicide
324,-80.51183027,25.57480572,102708.0385,2.357847898,nothing
325,-80.43409594,25.52989926,441794.6465,10.14219134,scout & rogue
326,-80.52052638,25.58627083,118451.6489,2.719270813,scout & rogue
327,-80.4922266,25.43109317,104086.7521,2.389498751,fungicide
328,-80.52641355,25.41900589,55404.27236,1.2719048,scout & rogue
329,-80.49945441,25.43726223,461342.6022,10.59094985,stumping
330,-80.47806571,25.60697219,213784.9058,4.907817325,scout & rogue
331,-80.43235805,25.56256386,205558.8244,4.71897282,fungicide
332,-80.48009131,25.53252438,430125.7132,9.874309973,stumping
333,-80.50888512,25.45814096,50325.04609,1.155302018,scout & rogue
334,-80.43462149,25.59554538,10530.67538,0.241750609,fungicide
335,-80.51213306,25.4947239,454335.9824,10.43010028,fungicide
336,-80.52829771,25.4855276,436655.9784,10.02422396,fungicide
337,-80.48396812,25.62239664,217883.178,5.001900541,nothing
338,-80.50770312,25.5089249,228245.9264,5.239796083,scout & rogue
339,-80.53058693,25.53672388,53715.84044,1.233143806,nothing
340,-80.50798367,25.61013379,215689.9039,4.951549986,stumping
341,-80.50335122,25.53240094,226645.5891,5.20305746,stumping
342,-80.52605809,25.5844171,192221.2726,4.412785311,stumping
343,-80.46500786,25.57094218,912378.5369,20.9452916,scout & rogue
344,-80.4892786,25.50351632,589328.2946,13.52909179,fungicide
345,-80.48832011,25.50358101,217808.887,5.000195057,scout & rogue
346,-80.44598309,25.50517573,114114.8654,2.619712142,nothing
347,-80.45247039,25.52963581,452699.412,10.39252986,nothing
348,-80.49752186,25.5156696,39600.0797,0.90909111,nothing
349,-80.48625053,25.50041593,85237.20656,1.956773504,fungicide
350,-80.52429148,25.4451605,899726.0566,20.65483114,stumping
351,-80.5252098,25.53398817,120898.8198,2.775450026,scout & rogue
352,-80.50448967,25.51446155,217470.031,4.992416008,nothing
353,-80.50583216,25.52595253,116948.2057,2.684756569,fungicide
354,-80.46394023,25.55763263,434539.0155,9.975625271,stumping
355,-80.53316037,25.39694754,60282.40778,1.383891179,fungicide
356,-80.46938646,25.55249262,372757.0339,8.557308676,stumping
357,-80.43394613,25.55936348,222757.5297,5.113800058,stumping
358,-80.42561937,25.54839828,223689.2748,5.135189944,nothing
359,-80.48053612,25.4926771,402265.0252,9.234717731,stumping
360,-80.51802089,25.58784319,104758.3281,2.404915987,nothing
361,-80.4405054,25.55791894,222856,5.116060621,fungicide
362,-80.41359963,25.56503836,225736.2991,5.182183071,fungicide
363,-80.52841818,25.4973566,426809.2964,9.798175656,scout & rogue
364,-80.44673518,25.56758785,797659.6022,18.31171196,fungicide
365,-80.50365609,25.5157674,199952.5814,4.590271421,stumping
366,-80.41858955,25.55396814,220566.3698,5.063498038,stumping
367,-80.51281164,25.4792187,213661.509,4.90498453,fungicide
368,-80.49309905,25.52331754,212087.738,4.868855784,nothing
369,-80.46275494,25.55155422,175787.8372,4.035526221,fungicide
370,-80.53641617,25.41575781,3498993.18,80.32568663,nothing
371,-80.53950233,25.52661115,158793.184,3.645383366,scout & rogue
372,-80.53611512,25.5657903,99619.39039,2.286942421,fungicide
373,-80.42263364,25.55393369,222524.254,5.108444794,fungicide
374,-80.50481288,25.62952167,387454.0617,8.894705404,nothing
375,-80.53060881,25.41610745,103744.7996,2.381648615,scout & rogue
376,-80.51603324,25.53089614,220692.4059,5.066391424,fungicide
377,-80.41462221,25.56502895,225711.3862,5.181611151,nothing
378,-80.54327368,25.53029597,113083.5867,2.596037283,nothing
379,-80.42878537,25.56697367,142987.0866,3.28252595,stumping
380,-80.40628642,25.59215195,105072.9781,2.412139344,fungicide
381,-80.51846036,25.58214058,227945.1373,5.232890928,nothing
382,-80.4686798,25.52994253,611254.7566,14.0324532,scout & rogue
383,-80.52308674,25.45126635,2294125.084,52.66577073,nothing
384,-80.50467263,25.62548326,207150.5474,4.755513687,stumping
385,-80.53250366,25.49962197,860092.181,19.74496418,nothing
386,-80.47296199,25.49433328,52405.84496,1.203070502,scout & rogue
387,-80.46097599,25.52036607,225440.0856,5.175382957,stumping
388,-80.51092632,25.50705057,264904.7186,6.081364644,scout & rogue
389,-80.49510179,25.51534173,73522.97773,1.687852295,scout & rogue
390,-80.47125915,25.52575551,227378.6788,5.219886853,fungicide
391,-80.43562481,25.52805952,225070.7929,5.166905178,stumping
392,-80.51892839,25.50511443,188755.6948,4.333226734,nothing
393,-80.51714962,25.5455896,673145.0233,15.45325567,fungicide
394,-80.48962112,25.53053246,290677.1648,6.673017537,stumping
395,-80.51207642,25.44582082,440080.8278,10.10284755,nothing
396,-80.44658027,25.55600098,222318.7238,5.103726479,fungicide
397,-80.50505755,25.52405274,148817.6682,3.416377445,stumping
398,-80.46020263,25.58594152,571097.5376,13.11057195,scout & rogue
399,-80.42420413,25.55758579,446915.9592,10.25976029,stumping
400,-80.52227975,25.54830911,451955.0233,10.37544108,fungicide
401,-80.50457195,25.4536851,222628.6029,5.110840311,stumping
402,-80.52606947,25.57740293,274859.0732,6.309884772,fungicide
403,-80.46122305,25.54981765,172157.4576,3.952184323,stumping
404,-80.42991113,25.59076319,43145.89179,0.990491609,stumping
405,-80.49856241,25.61059312,419469.1465,9.629669302,fungicide
406,-80.44049599,25.55699399,215289.6657,4.942361798,nothing
407,-80.45432078,25.54557509,71017.24321,1.630328649,fungicide
408,-80.52961749,25.52298513,217684.0643,4.997329527,nothing
409,-80.46960304,25.59359748,104666.4142,2.402805938,stumping
410,-80.47133446,25.59259135,871796.0302,20.01364711,stumping
411,-80.47023661,25.52760372,222628.7172,5.110842935,fungicide
412,-80.51178046,25.46867441,917630.6211,21.06586264,stumping
413,-80.43839245,25.54684101,217582.3877,4.994995358,stumping
414,-80.44772002,25.51538072,114718.591,2.63357175,scout & rogue
415,-80.50527729,25.52319801,218259.7448,5.010545309,stumping
416,-80.4798647,25.56458521,37808.20878,0.867955487,nothing
417,-80.48698519,25.5150758,221444.3313,5.083653225,stumping
418,-80.51837305,25.46273325,108193.5896,2.483778598,fungicide
419,-80.51329625,25.47786275,217436.0173,4.991635162,fungicide
420,-80.52514036,25.45125945,1320615.959,30.31711645,nothing
421,-80.51838625,25.46364548,108526.0388,2.491410568,nothing
422,-80.52155885,25.59505641,251071.0704,5.763788349,nothing
423,-80.49307327,25.53136511,29421.30499,0.675419014,fungicide
424,-80.50829125,25.51997447,130685.6943,3.000125347,fungicide
425,-80.52073965,25.51406912,221088.6754,5.075488503,fungicide
426,-80.44302189,25.52610541,211191.6504,4.84828448,scout & rogue
427,-80.5302533,25.39460254,219885.2179,5.04786097,fungicide
428,-80.46568619,25.5917455,67321.96109,1.545496796,nothing
429,-80.54883606,25.47902706,109517.2891,2.514166502,stumping
430,-80.49736436,25.42990514,857414.7761,19.68349953,stumping
431,-80.53054117,25.51151204,3540626.436,81.28145297,nothing
432,-80.41809661,25.55580324,444686.4666,10.20857828,stumping
433,-80.5010505,25.50440005,878885.5688,20.17640023,scout & rogue
434,-80.44410821,25.5233678,379775.1552,8.718422283,nothing
435,-80.53298492,25.45808822,98976.67378,2.272187705,fungicide
436,-80.43410766,25.53126691,224989.2118,5.165032337,fungicide
437,-80.45856431,25.48608442,42605.88404,0.978094759,scout & rogue
438,-80.46982294,25.59181907,218984.4599,5.027182449,scout & rogue
439,-80.48735505,25.49294591,22538.60341,0.517414211,fungicide
440,-80.43006796,25.53064719,102003.0151,2.341662817,stumping
441,-80.50955986,25.59005092,178851.0567,4.105847938,fungicide
442,-80.51927693,25.51413338,220030.6055,5.051198604,nothing
443,-80.47260861,25.49779557,55158.14526,1.266254509,scout & rogue
444,-80.48759273,25.53113204,218685.5179,5.020319697,scout & rogue
445,-80.52340257,25.50063221,845551.9243,19.41116642,stumping
446,-80.45922821,25.58529398,200467.2878,4.602087433,stumping
447,-80.52658365,25.41523065,102939.8544,2.363169649,stumping
448,-80.51183327,25.57527347,102794.8911,2.359841756,scout & rogue
449,-80.46324443,25.50676387,11270.33942,0.258730928,stumping
450,-80.42600077,25.53219169,201355.5788,4.622479751,nothing
451,-80.53169913,25.53261273,439160.1457,10.08171163,fungicide
452,-80.51754109,25.53112666,109443.462,2.512471668,scout & rogue
453,-80.5066615,25.62727553,208044.4407,4.776034616,fungicide
454,-80.50160019,25.56386787,425720.3442,9.773176798,scout & rogue
455,-80.52856864,25.42045783,214779.0519,4.930639739,stumping
456,-80.51395645,25.59090921,226083.4326,5.190152146,stumping
457,-80.50908881,25.50302033,192192.0287,4.412113964,scout & rogue
458,-80.53610849,25.51973053,221812.7824,5.092111683,nothing
459,-80.53249,25.49734576,423210.116,9.715549991,scout & rogue
460,-80.45121787,25.51119226,863112.4038,19.81429883,fungicide
461,-80.48047244,25.52892694,98603.7356,2.263626237,stumping
462,-80.54181944,25.49042169,197566.7579,4.535500548,fungicide
463,-80.51384267,25.57480079,104385.7629,2.396363082,fungicide
464,-80.48261594,25.62735557,189900.1179,4.359499027,fungicide
465,-80.48658571,25.63109285,259293.8192,5.952556349,nothing
466,-80.43231086,25.55012474,410618.1046,9.426477704,fungicide
467,-80.46201844,25.51699015,53375.2739,1.225325488,fungicide
468,-80.50707696,25.50025132,215645.6645,4.950534391,scout & rogue
469,-80.51593854,25.58353238,219535.7267,5.039837771,nothing
470,-80.51343172,25.6463216,204601.5696,4.696997313,stumping
471,-80.44859522,25.52558853,454602.4321,10.43621711,nothing
472,-80.43860258,25.55976893,218043.3387,5.005577318,stumping
473,-80.47433099,25.52479592,223373.1619,5.127933003,fungicide
474,-80.50897019,25.53785778,116763.4284,2.680514673,nothing
475,-80.51406509,25.57145868,55199.7072,1.267208638,fungicide
476,-80.4799009,25.5109607,862349.0401,19.79677444,nothing
477,-80.42560713,25.54652775,219133.9701,5.030614725,stumping
478,-80.51769796,25.61178893,104329.5447,2.395072492,scout & rogue
479,-80.46025453,25.54986603,238225.8358,5.468902867,stumping
480,-80.42515196,25.59422631,3505839.068,80.48284632,scout & rogue
481,-80.45437424,25.52041921,454399.9897,10.43156968,scout & rogue
482,-80.48835114,25.50535054,206704.8466,4.745281822,fungicide
483,-80.42216668,25.55713725,219295.1998,5.034316043,stumping
484,-80.54085615,25.49043739,192925.9446,4.428962325,nothing
485,-80.42464413,25.55212894,211921.3005,4.865034911,stumping
486,-80.54065857,25.41645888,843312.5124,19.35975668,nothing
487,-80.43648258,25.56897951,211229.3278,4.849149432,scout & rogue
488,-80.53298377,25.50785784,408078.4041,9.368174307,scout & rogue
489,-80.47228863,25.52758431,230962.4518,5.302158813,fungicide
490,-80.49672021,25.52739806,217483.3886,4.992722655,stumping
491,-80.48475472,25.62921679,197448.0464,4.532775312,fungicide
492,-80.50935514,25.52723225,399406.3748,9.169092265,scout & rogue
493,-80.45507253,25.59127442,1736908.112,39.87385215,scout & rogue
494,-80.44158742,25.51598462,443265.1802,10.17595009,scout & rogue
495,-80.48048272,25.52979194,108900.0161,2.49999589,scout & rogue
496,-80.51385874,25.5218019,197850.7116,4.542019216,fungicide
497,-80.43943084,25.56991525,60951.15311,1.399243432,fungicide
498,-80.5217786,25.6145079,114776.4284,2.634899511,nothing
499,-80.5037748,25.52344296,50328.48715,1.155381014,scout & rogue
500,-80.47076923,25.58623745,212407.5439,4.876197504,scout & rogue
501,-80.4424516,25.54767362,208086.0734,4.77699037,scout & rogue
502,-80.49148734,25.50814585,408495.514,9.377749816,fungicide
503,-80.47464594,25.57525224,209758.4028,4.815381701,nothing
504,-80.43230279,25.55753679,430648.9541,9.886321909,scout & rogue
505,-80.50763892,25.51904997,304728.1179,6.995582457,fungicide
506,-80.47334427,25.52757078,231430.7288,5.312908955,fungicide
507,-80.44698428,25.51121909,808854.6187,18.56871371,stumping
508,-80.50667174,25.50709303,220758.0951,5.067899438,fungicide
509,-80.4929552,25.50722256,427786.9458,9.820619357,fungicide
510,-80.4728077,25.5261977,231107.9122,5.305498119,stumping
511,-80.55449631,25.53299976,114355.4401,2.625234967,scout & rogue
512,-80.52174121,25.49052101,207151.3747,4.755532679,fungicide
513,-80.42164221,25.55577416,667900.8911,15.33286718,scout & rogue
514,-80.41197472,25.56128195,392899.9011,9.01972445,nothing
515,-80.46043398,25.5180399,220921.7358,5.071656104,nothing
516,-80.49095841,25.55326617,1510868.525,34.68470655,stumping
517,-80.48442373,25.51467058,208428.8989,4.784860546,scout & rogue
518,-80.51712064,25.50519155,105647.5558,2.425329809,fungicide
519,-80.49571234,25.52695261,112458.7983,2.581694141,fungicide
520,-80.51694054,25.52125752,108896.7859,2.499921735,nothing
521,-80.5273303,25.48690561,441941.481,10.14556219,nothing
522,-80.4367701,25.55011521,200846.7234,4.61079806,scout & rogue
523,-80.53562598,25.52200298,226269.911,5.194433093,fungicide
524,-80.47712401,25.56370185,587619.0065,13.48985201,nothing
525,-80.48887841,25.47440795,12742.26459,0.29252162,nothing
526,-80.50736127,25.52500215,225115.7241,5.167936655,fungicide
527,-80.48341472,25.5146743,212373.2327,4.875409828,fungicide
528,-80.51746683,25.53020498,108894.5199,2.499869714,fungicide
529,-80.49008579,25.59695364,218783.3061,5.022564601,fungicide
530,-80.51056368,25.48740031,110004.5356,2.525352123,scout & rogue
531,-80.52120638,25.43847425,435966.3484,10.00839227,nothing
532,-80.45913769,25.48550732,57585.74673,1.321984471,scout & rogue
533,-80.48894123,25.49293648,22484.07421,0.516162395,scout & rogue
534,-80.47449267,25.49637455,451114.9138,10.35615485,scout & rogue
535,-80.48762075,25.53172873,212374.275,4.875433756,stumping
536,-80.44233402,25.51365859,37440.23727,0.859508039,stumping
537,-80.47185272,25.49387613,54221.83079,1.244759725,scout & rogue
538,-80.5296033,25.52166915,415751.3696,9.544321042,nothing
539,-80.49166661,25.56676164,219136.6051,5.030675216,stumping
540,-80.53072314,25.4082893,1248476.471,28.66102465,scout & rogue
541,-80.52036879,25.50421988,854591.9844,19.61869727,nothing
542,-80.48218601,25.50013826,178728.0252,4.103023529,scout & rogue
543,-80.52116154,25.50795729,236379.8615,5.426525204,stumping
544,-80.45027462,25.54001225,451767.5873,10.37113815,nothing
545,-80.44860068,25.55551863,448898.2539,10.30526744,nothing
546,-80.52934658,25.52897363,101709.5428,2.334925632,nothing
547,-80.48279531,25.50408343,217846.285,5.001053595,nothing
548,-80.44094065,25.59000779,777753.7907,17.85473822,stumping
549,-80.47053415,25.49131576,42120.23981,0.966945921,fungicide
550,-80.51643659,25.42389471,874766.7002,20.08184418,nothing
551,-80.44357641,25.51453313,111557.2664,2.560997853,nothing
552,-80.48126246,25.51942478,228071.0964,5.235782546,stumping
553,-80.42204059,25.54056088,213927.3319,4.911086973,scout & rogue
554,-80.53257912,25.57289301,207956.507,4.77401594,stumping
555,-80.43566858,25.58253401,1521295.017,34.92406545,stumping
556,-80.46558921,25.58100973,212175.2175,4.870864033,scout & rogue
557,-80.53474473,25.42209285,101139.3796,2.32183651,stumping
558,-80.43449834,25.56853821,451417.6764,10.36310531,stumping
559,-80.51567519,25.45404122,877760.7674,20.15057839,scout & rogue
560,-80.44449402,25.51079413,102887.0222,2.361956791,stumping
561,-80.5596536,25.54614352,866470.6951,19.89139445,fungicide
562,-80.43307028,25.59630278,69323.02511,1.591434823,scout & rogue
563,-80.43041058,25.55655017,383281.4653,8.798915943,scout & rogue
564,-80.4477261,25.51630844,115439.3132,2.650117225,nothing
565,-80.50346539,25.54565287,453742.1895,10.4164687,fungicide
566,-80.49818538,25.47384572,98852.03109,2.269326307,scout & rogue
567,-80.46627122,25.51286469,107272.3756,2.462630472,fungicide
568,-80.4277333,25.57872811,230725.8117,5.296726314,fungicide
569,-80.42833721,25.57869376,300917.8402,6.908110674,stumping
570,-80.48649362,25.51275782,218396.5385,5.013685655,scout & rogue
571,-80.43158609,25.54877278,374849.6642,8.605348771,stumping
572,-80.51971463,25.58073756,56033.8862,1.286358719,nothing
573,-80.51501981,25.53090423,225328.7319,5.172826632,nothing
574,-80.45012401,25.52814962,1480263.955,33.98212356,nothing
575,-80.45761711,25.47781188,40207.72562,0.923040716,fungicide
576,-80.44835248,25.60891622,1281225.292,29.41283278,nothing
577,-80.52021444,25.44492217,220849.3349,5.069994011,nothing
578,-80.46324365,25.55029193,130742.4908,3.001429213,fungicide
579,-80.49247103,25.6077914,214738.2951,4.929704093,nothing
580,-80.42031659,25.53542035,198348.015,4.553435711,stumping
581,-80.47228307,25.53121089,231232.2468,5.308352443,nothing
582,-80.50309376,25.59689674,215026.9774,4.936331315,nothing
583,-80.50408862,25.59688622,218497.4666,5.016002641,stumping
584,-80.47704788,25.52204985,215354.3599,4.943846969,scout & rogue
585,-80.4098051,25.53378355,280546.6045,6.44045229,nothing
586,-80.46281276,25.54935432,234490.0064,5.383140179,scout & rogue
587,-80.53210016,25.52708197,181272.2432,4.161430633,stumping
588,-80.44499399,25.54955574,109031.4728,2.503013715,scout & rogue
589,-80.48300798,25.53112864,438555.184,10.06782365,nothing
590,-80.52954651,25.41187398,5196270.712,119.2897475,nothing
591,-80.44137863,25.59353564,472581.8914,10.84896796,stumping
592,-80.46943163,25.56112025,175549.3765,4.030051926,stumping
593,-80.44757152,25.50715891,104809.7494,2.406096455,scout & rogue
594,-80.44811715,25.50938377,443802.3761,10.18828239,scout & rogue
595,-80.49953844,25.59509419,438667.9822,10.07041313,stumping
596,-80.49941397,25.4952714,2606314.982,59.83265178,nothing
597,-80.488873,25.47411933,12904.39408,0.296243594,fungicide
598,-80.50361782,25.46417459,1769213.081,40.61547086,nothing
599,-80.45740488,25.47863358,99573.498,2.285888879,fungicide
600,-80.51234871,25.61478975,104441.3004,2.397638045,nothing
601,-80.51875531,25.61360528,113391.417,2.603104082,fungicide
602,-80.5187253,25.61267252,109571.5731,2.515412689,scout & rogue
603,-80.517721,25.61268163,110254.3728,2.531087585,nothing
604,-80.51869472,25.61178446,102775.4241,2.359394856,stumping
605,-80.49741054,25.60600265,217921.8686,5.002788753,scout & rogue
606,-80.51765398,25.60999227,109861.4406,2.52206712,fungicide
607,-80.52762037,25.61072741,95012.21858,2.181176499,scout & rogue
608,-80.50509058,25.59687998,218954.1137,5.026485797,nothing
609,-80.51853632,25.5950694,217699.156,4.997675984,fungicide
610,-80.49277253,25.60326009,1636213.242,37.56222015,stumping
611,-80.48874767,25.6005463,809047.9136,18.57315114,scout & rogue
612,-80.52381411,25.59747111,231266.0157,5.309127669,scout & rogue
613,-80.48713344,25.59696569,194916.2673,4.474653765,stumping
614,-80.5239491,25.59619299,228986.7568,5.256803179,stumping
615,-80.48869916,25.59877557,845062.4723,19.39993016,fungicide
616,-80.49556774,25.61060615,420294.661,9.648620474,fungicide
617,-80.49756409,25.61059777,419695.9014,9.634874869,scout & rogue
618,-80.49656606,25.61060264,419709.5554,9.635188321,scout & rogue
619,-80.48897525,25.62231978,204199.8707,4.687775592,scout & rogue
620,-80.49094114,25.62231348,189264.7286,4.344912522,fungicide
621,-80.49298501,25.62235984,217882.8542,5.001893107,nothing
622,-80.50663573,25.62637323,206043.0417,4.7300889,fungicide
623,-80.4889107,25.63372207,204442.0882,4.69333613,nothing
624,-80.49085672,25.63463574,216037.7123,4.959534554,nothing
625,-80.494706,25.6309674,208142.9014,4.778294959,fungicide
626,-80.49075791,25.63190202,214174.7771,4.916767523,nothing
627,-80.49057773,25.6264482,211425.3844,4.853650265,fungicide
628,-80.51328836,25.62999085,108857.9397,2.49902995,fungicide
629,-80.48876946,25.62917273,205824.8472,4.725079852,fungicide
630,-80.48874045,25.62826579,207432.5087,4.761986616,stumping
631,-80.53678446,25.6269495,99902.53824,2.29344259,scout & rogue
632,-80.53673428,25.62605901,105188.3666,2.414788294,scout & rogue
633,-80.48870371,25.62736056,204131.327,4.686202048,nothing
634,-80.49061571,25.62735514,208047.2071,4.776098124,stumping
635,-80.4864971,25.6246702,206980.4765,4.751609403,scout & rogue
636,-80.49052165,25.6246357,208439.8898,4.785112862,scout & rogue
637,-80.48645826,25.62375556,210336.4538,4.828651903,fungicide
638,-80.49054691,25.62554016,209988.2894,4.820659162,scout & rogue
639,-80.4865622,25.62647066,204020.5067,4.683657968,stumping
640,-80.48264296,25.62826303,227937.4626,5.232714741,stumping
641,-80.51340845,25.64722915,218652.9457,5.019571944,scout & rogue
642,-80.51534808,25.64541054,217636.7149,4.996242537,scout & rogue
643,-80.50155147,25.62367695,426319.9901,9.786942749,stumping
644,-80.46965601,25.61611172,204416.602,4.692751049,fungicide
645,-80.43075326,25.59975616,795.1946511,0.018255125,nothing
646,-80.43127518,25.59782999,448141.9795,10.28790579,fungicide
647,-80.45576294,25.6083832,219946.4514,5.049266695,nothing
648,-80.4581041,25.60804309,371400.623,8.526169822,scout & rogue
649,-80.45626579,25.59697913,898292.2645,20.62191586,fungicide
650,-80.45755253,25.60090584,2474751.372,56.8123723,nothing
651,-80.46182507,25.59969906,237102.2043,5.443107884,stumping
652,-80.46608072,25.61627735,451765.7881,10.37109684,fungicide
653,-80.4682988,25.61075409,180480.3149,4.143250493,scout & rogue
654,-80.47185798,25.6082805,216019.0014,4.959105011,stumping
655,-80.47251623,25.59846934,3791455.95,87.03969595,nothing
656,-80.46857463,25.60226939,3677182.293,84.41633846,fungicide
657,-80.46340475,25.5967453,824737.4635,18.933333,nothing
658,-80.45237578,25.60534396,445055.9955,10.21706148,fungicide
659,-80.45076784,25.6018224,57598.34962,1.322273793,fungicide
660,-80.45167848,25.60001808,62875.31726,1.443416083,scout & rogue
661,-80.47168814,25.61565722,97358.17374,2.235032123,stumping
662,-80.47382771,25.61403813,66749.93168,1.532364832,scout & rogue
663,-80.45268234,25.59737086,60305.31509,1.384417057,fungicide
664,-80.47374283,25.61651735,75349.93516,1.729793391,scout & rogue
665,-80.37911278,25.54710407,217057.3204,4.982941493,nothing
666,-80.48591301,25.57773285,433788.0716,9.958386002,fungicide
667,-80.52233718,25.55741289,1764515.511,40.50762968,fungicide
668,-80.48534462,25.5752781,104896.4481,2.40808678,nothing
669,-80.48028155,25.56374354,209994.4088,4.820799644,stumping
670,-80.48023143,25.56280125,224718.1494,5.158809612,stumping
671,-80.47880138,25.56314642,36948.37065,0.848216355,nothing
672,-80.51769796,25.55520933,207510.9479,4.763787329,stumping
673,-80.49101561,25.58129811,413251.3973,9.486929678,scout & rogue
674,-80.48305905,25.5932889,204024.9825,4.683760718,fungicide
675,-80.50436166,25.58219877,217729.0191,4.998361546,nothing
676,-80.49324267,25.57719392,59058.30089,1.355789602,stumping
677,-80.49902079,25.56276791,244571.9252,5.614588772,fungicide
678,-80.51575095,25.55613353,216887.1855,4.97903574,stumping
679,-80.51788057,25.55988597,228831.5984,5.253241238,nothing
680,-80.51143204,25.58635065,101974.5635,2.341009659,fungicide
681,-80.51443144,25.58636055,112763.9358,2.588699121,fungicide
682,-80.53689992,25.56972608,100813.0466,2.314344948,scout & rogue
683,-80.53610772,25.56518595,164235.0652,3.770311545,stumping
684,-80.49109919,25.57636087,131525.8854,3.019413446,nothing
685,-80.51478497,25.56101723,216208.2247,4.963448973,stumping
686,-80.51441975,25.58445877,114758.6566,2.634491528,nothing
687,-80.51237101,25.58355419,108204.605,2.484031476,scout & rogue
688,-80.51744278,25.58214927,220491.6573,5.061782878,scout & rogue
689,-80.51977477,25.55563018,886756.115,20.35708278,scout & rogue
690,-80.52129747,25.55560305,442854.0714,10.16651235,scout & rogue
691,-80.51182727,25.57433798,102621.1344,2.355852858,nothing
692,-80.49661763,25.57136041,857652.2202,19.68895049,scout & rogue
693,-80.48169742,25.55754027,60235.33283,1.382810489,fungicide
694,-80.50300586,25.56071024,57397.48366,1.317662553,scout & rogue
695,-80.52583823,25.55190589,876807.8733,20.12870299,stumping
696,-80.51549591,25.59092746,88083.95232,2.022125677,stumping
697,-80.51386567,25.57760719,104454.7039,2.397945746,fungicide
698,-80.49856585,25.56674912,864260.4514,19.84065433,scout & rogue
699,-80.5214873,25.57981025,108701.0485,2.49542823,fungicide
700,-80.51383878,25.57433306,104372.4045,2.396056416,fungicide
701,-80.49290256,25.56542246,38040.18686,0.873280962,fungicide
702,-80.4826495,25.5563742,77694.60871,1.783619593,stumping
703,-80.51988188,25.56063563,210214.1025,4.825843108,stumping
704,-80.51795138,25.56337079,217634.5343,4.996192477,nothing
705,-80.51844153,25.59179268,100499.2747,2.307141749,stumping
706,-80.51786645,25.57635455,259641.1289,5.960529468,fungicide
707,-80.48110028,25.55184169,215655.5564,4.950761477,stumping
708,-80.50866319,25.5602298,865714.2512,19.87402892,nothing
709,-80.50109304,25.58794984,125506.191,2.881220526,fungicide
710,-80.50125382,25.59320749,210756.3782,4.838292023,fungicide
711,-80.50226834,25.59325027,221823.3458,5.092354185,fungicide
712,-80.53409101,25.56579164,105212.1368,2.415333982,stumping
713,-80.50009704,25.56945062,225229.8639,5.17055694,scout & rogue
714,-80.49907609,25.5694695,229230.4899,5.262398511,stumping
715,-80.50021895,25.59102417,101118.8747,2.321365783,fungicide
716,-80.51552021,25.59360502,81440.58179,1.869615148,scout & rogue
717,-80.52833175,25.56059539,204905.4189,4.703972721,fungicide
718,-80.50430293,25.59282377,104370.9144,2.396022208,scout & rogue
719,-80.50332561,25.59002592,90019.20173,2.06655281,nothing
720,-80.51963167,25.59358807,84210.28732,1.933198724,scout & rogue
721,-80.52143649,25.5692461,218714.289,5.02098019,scout & rogue
722,-80.49898166,25.55486094,224209.4486,5.14713147,fungicide
723,-80.48395996,25.59159514,208033.7844,4.775789982,stumping
724,-80.51868536,25.58783758,109790.9453,2.520448773,scout & rogue
725,-80.52369509,25.59176235,90965.04445,2.088266332,stumping
726,-80.52661421,25.59085819,88019.76092,2.020652047,fungicide
727,-80.49992293,25.55125504,193807.7117,4.449204876,fungicide
728,-80.50083394,25.55328343,74247.4317,1.70448344,scout & rogue
729,-80.5279824,25.5568122,183933.6803,4.222528712,nothing
730,-80.5174455,25.59276752,104384.593,2.396336225,stumping
731,-80.51380592,25.56886433,102817.8252,2.36036825,scout & rogue
732,-80.48232151,25.57189312,60901.02472,1.398092644,scout & rogue
733,-80.49213892,25.55710855,40217.49633,0.92326502,nothing
734,-80.50357739,25.56165701,64825.38169,1.488183322,nothing
735,-80.52987053,25.55680647,186570.448,4.283060461,stumping
736,-80.5335824,25.54675625,50209.28218,1.152644449,fungicide
737,-80.51788456,25.57136919,320391.613,7.355166181,scout & rogue
738,-80.50922261,25.56710731,55398.31602,1.271768061,scout & rogue
739,-80.52063608,25.53727946,1769864.651,40.63042882,nothing
740,-80.41032834,25.59389592,96338.81137,2.211630825,nothing
741,-80.41032495,25.59474168,99953.76487,2.294618589,fungicide
742,-80.53122529,25.53444613,219642.5713,5.042290581,scout & rogue
743,-80.48693062,25.5086235,220226.5405,5.055696645,scout & rogue
744,-80.48886837,25.50907548,414114.2827,9.506738765,scout & rogue
745,-80.48696145,25.50769858,211881.7926,4.864127936,fungicide
746,-80.4869521,25.50683566,183610.927,4.215119329,fungicide
747,-80.49266279,25.52195432,225011.7628,5.165550036,nothing
748,-80.50456746,25.52184557,79029.47986,1.814263963,stumping
749,-80.53361739,25.52851219,188405.862,4.325195693,stumping
750,-80.5316499,25.52846931,219350.8668,5.035593979,nothing
751,-80.54838032,25.53117481,100686.1625,2.311432095,fungicide
752,-80.55044429,25.53441157,224948.8032,5.164104685,fungicide
753,-80.53259162,25.51517033,1784638.827,40.96959662,fungicide
754,-80.52855392,25.51520271,1789722.916,41.08631104,fungicide
755,-80.48488857,25.52573704,348806.5302,8.007481752,stumping
756,-80.4855465,25.52506988,68578.03001,1.574332119,stumping
757,-80.50179748,25.52783099,110637.9833,2.539894055,scout & rogue
758,-80.50179049,25.52692429,111415.1743,2.557735873,fungicide
759,-80.53577827,25.53238361,105100.6491,2.412774581,fungicide
760,-80.49969258,25.51829043,193410.8777,4.440094837,fungicide
761,-80.49864375,25.5183196,203303.0173,4.667186708,scout & rogue
762,-80.50068284,25.52008103,212838.404,4.886088673,nothing
763,-80.48339983,25.5127857,224924.3068,5.163542326,stumping
764,-80.48513953,25.50871426,514950.4916,11.82161545,stumping
765,-80.48486893,25.51273158,402127.7372,9.231566037,stumping
766,-80.531157,25.53672732,53675.64538,1.232221056,scout & rogue
767,-80.48858294,25.53382841,344757.8159,7.914536228,stumping
768,-80.49571522,25.52781874,99607.8908,2.286678428,nothing
769,-80.49772565,25.52740255,223075.3563,5.12109634,nothing
770,-80.53768104,25.52571324,222274.1535,5.102703287,stumping
771,-80.54153363,25.51189891,618753.2696,14.20459506,scout & rogue
772,-80.53560513,25.51802943,379085.2046,8.702583225,nothing
773,-80.50185508,25.51876503,114542.8722,2.629537809,nothing
774,-80.4960041,25.51611422,183699.4388,4.217151277,fungicide
775,-80.50347057,25.51920126,1078614.955,24.7615478,stumping
776,-80.49055367,25.5081979,383165.0825,8.796244166,scout & rogue
777,-80.50356305,25.54927553,394300.3523,9.051874328,scout & rogue
778,-80.50094669,25.54930831,217078.9725,4.983438556,scout & rogue
779,-80.49102665,25.54531938,55174.86328,1.266638301,nothing
780,-80.49137746,25.52536819,186045.3002,4.271004748,fungicide
781,-80.50735835,25.5240885,219500.8148,5.039036305,nothing
782,-80.54165201,25.52523448,212623.5264,4.881155771,stumping
783,-80.50978167,25.51655487,63600.45835,1.460063002,nothing
784,-80.50549101,25.54379793,442727.6603,10.16361035,fungicide
785,-80.49270712,25.53136714,20096.21258,0.461344733,nothing
786,-80.51104969,25.53501876,84100.23184,1.930672202,nothing
787,-80.53102163,25.50785173,417490.9417,9.58425605,stumping
788,-80.53396186,25.50785295,414148.5139,9.507524604,scout & rogue
789,-80.50827856,25.51813619,133891.5702,3.073721999,fungicide
790,-80.50887867,25.51809477,128935.2837,2.959941521,nothing
791,-80.50971122,25.54547774,407044.2741,9.344433992,stumping
792,-80.49281081,25.5420182,218769.4147,5.022245699,nothing
793,-80.5018049,25.52919966,223862.504,5.139166732,stumping
794,-80.49528193,25.52879112,209594.7623,4.811625039,fungicide
795,-80.51249601,25.53230395,441409.7465,10.13335527,fungicide
796,-80.51807682,25.5345149,106140.6765,2.436650282,scout & rogue
797,-80.51808356,25.53516803,54068.45241,1.241238648,stumping
798,-80.53765333,25.52339161,444831.4787,10.21190729,nothing
799,-80.53563557,25.52292453,222305.3953,5.103420499,stumping
800,-80.53764577,25.52155025,440549.242,10.11360084,stumping
801,-80.52761133,25.52572645,219640.1821,5.042235732,nothing
802,-80.52962601,25.52573056,221991.0128,5.096203283,fungicide
803,-80.51336809,25.51853118,224088.6902,5.144359243,stumping
804,-80.51134077,25.51854521,226060.8893,5.189634623,nothing
805,-80.51133537,25.51761795,226055.3166,5.189506692,fungicide
806,-80.50898212,25.53598907,107946.5341,2.478106994,fungicide
807,-80.49931317,25.53036666,106473.1386,2.444282548,fungicide
808,-80.5155399,25.52911294,406206.9837,9.325212483,scout & rogue
809,-80.52962201,25.52481114,221772.508,5.091187112,stumping
810,-80.5311842,25.52708444,180922.7248,4.153406809,fungicide
811,-80.51753996,25.51612893,322552.1715,7.404765691,stumping
812,-80.50336046,25.51447475,217415.2333,4.991158028,nothing
813,-80.51502501,25.54185189,191546.5422,4.39729566,scout & rogue
814,-80.49905988,25.52927871,100342.7445,2.303548317,scout & rogue
815,-80.49722328,25.5308401,107219.4769,2.461416087,scout & rogue
816,-80.52016363,25.53383659,1056086.306,24.24436211,stumping
817,-80.51903986,25.52903232,224288.2797,5.148941179,scout & rogue
818,-80.52564294,25.5321659,223065.8872,5.120878959,scout & rogue
819,-80.53214394,25.52165749,195522.2255,4.488564626,nothing
820,-80.54522486,25.52154742,206921.8124,4.750262663,stumping
821,-80.51797966,25.51926887,292375.16,6.711998073,nothing
822,-80.51727046,25.51769001,235537.2246,5.407180958,nothing
823,-80.50668818,25.50893193,219558.9043,5.040369854,stumping
824,-80.5155781,25.54013978,402219.7109,9.233677459,stumping
825,-80.50270197,25.53610956,43308.56976,0.994226174,nothing
826,-80.48901706,25.53746905,301802.3096,6.928415261,stumping
827,-80.48336632,25.54075128,55314.73961,1.269849414,nothing
828,-80.50032798,25.53464722,209159.0612,4.801622736,scout & rogue
829,-80.50108988,25.53464451,103481.2753,2.375598941,stumping
830,-80.50127822,25.53332637,211802.3954,4.862305231,scout & rogue
831,-80.5311311,25.5216713,207824.4724,4.770984848,fungicide
832,-80.52961777,25.52389438,220279.5591,5.056913782,stumping
833,-80.52767248,25.52390757,204098.6047,4.685450848,nothing
834,-80.52765803,25.52301648,200888.0856,4.611747604,fungicide
835,-80.55140735,25.5284176,111645.098,2.563014186,scout & rogue
836,-80.52106089,25.51756673,105531.7679,2.422671689,nothing
837,-80.52107024,25.51847574,106150.3063,2.436871352,fungicide
838,-80.52452043,25.51897354,1715776.434,39.38873644,fungicide
839,-80.52349222,25.51515732,858270.0836,19.70313466,stumping
840,-80.49650238,25.51076671,653173.0844,14.99476386,nothing
841,-80.51407994,25.53824464,190231.8832,4.367115296,stumping
842,-80.5130732,25.5382484,240207.9109,5.514404969,fungicide
843,-80.48507541,25.5385567,329174.0434,7.55678268,fungicide
844,-80.52208037,25.52803982,1741371.609,39.97631975,nothing
845,-80.52552567,25.5217037,393675.5328,9.037530471,stumping
846,-80.52356109,25.52485706,220142.6352,5.053770448,nothing
847,-80.52356481,25.52576778,221075.0861,5.075176537,fungicide
848,-80.51992571,25.51158858,1339085.153,30.74111004,stumping
849,-80.51881343,25.50670653,84825.19781,1.947315101,scout & rogue
850,-80.51945012,25.50670184,73515.15441,1.687672697,fungicide
851,-80.48155121,25.53474457,205265.815,4.712246262,stumping
852,-80.50743413,25.53420484,221883.49,5.093734903,stumping
853,-80.50333891,25.53057216,212456.7239,4.877326519,nothing
854,-80.50508676,25.5287218,54912.8323,1.260622909,scout & rogue
855,-80.52552352,25.52392357,209842.8111,4.817319446,nothing
856,-80.525582,25.52300874,220810.9647,5.069113154,stumping
857,-80.52508091,25.52708,207543.5286,4.764535277,fungicide
858,-80.52408019,25.52708907,208167.1413,4.778851429,nothing
859,-80.52603294,25.52706961,186863.6166,4.289790674,nothing
860,-80.52105096,25.52712607,214577.4492,4.926011586,stumping
861,-80.55677779,25.5180256,823079.3741,18.89526858,fungicide
862,-80.54875306,25.51803437,820077.5789,18.82635696,fungicide
863,-80.55229586,25.51802851,201474.323,4.625205738,scout & rogue
864,-80.52548673,25.50792277,866522.9645,19.89259439,scout & rogue
865,-80.52345597,25.50794218,873046.1667,20.04234624,stumping
866,-80.51403901,25.51281882,80881.66483,1.856784203,fungicide
867,-80.51637089,25.51161509,1793607.922,41.17549834,stumping
868,-80.48495304,25.51964022,200796.9037,4.609654359,nothing
869,-80.48499834,25.53067236,225055.2989,5.166549486,fungicide
870,-80.48758668,25.53050728,232487.0404,5.337158489,stumping
871,-80.50937378,25.52959165,215271.4403,4.941943401,stumping
872,-80.51501678,25.52672268,91110.73371,2.091610892,scout & rogue
873,-80.51498271,25.52351768,220823.7637,5.069406979,fungicide
874,-80.55220802,25.51273303,98119.84723,2.252517709,scout & rogue
875,-80.51192267,25.50664625,75902.28317,1.742473534,stumping
876,-80.48494363,25.52051433,206732.5915,4.745918757,fungicide
877,-80.48388875,25.51640359,817199.7832,18.76029198,nothing
878,-80.49529241,25.53724263,109464.8459,2.512962574,stumping
879,-80.48931557,25.52925072,110543.787,2.537731609,stumping
880,-80.48830886,25.52866262,104475.2929,2.398418404,nothing
881,-80.51149294,25.52773048,211685.7849,4.859628227,nothing
882,-80.51149797,25.52681237,207733.7044,4.768901105,scout & rogue
883,-80.511466,25.52498407,212572.737,4.879989809,scout & rogue
884,-80.51147941,25.5259033,207320.8343,4.759422929,scout & rogue
885,-80.48083792,25.51520488,271305.723,6.228311222,stumping
886,-80.48109065,25.51421537,46725.67665,1.072672014,nothing
887,-80.48538321,25.51466812,190893.9606,4.382314475,fungicide
888,-80.49388283,25.52881682,57793.10855,1.326744834,scout & rogue
889,-80.4931141,25.52648927,808203.6784,18.5537702,stumping
890,-80.50373002,25.52412913,100950.1377,2.317492121,nothing
891,-80.52358869,25.52217293,188364.4499,4.324245003,stumping
892,-80.5432625,25.52198466,95331.83751,2.188513927,scout & rogue
893,-80.54467291,25.51051223,851546.8724,19.54879124,scout & rogue
894,-80.49439951,25.51506035,20800.05695,0.477502747,nothing
895,-80.48707045,25.51785811,207079.1367,4.753874325,scout & rogue
896,-80.48964276,25.52149116,104766.5862,2.405105566,scout & rogue
897,-80.50484502,25.52596815,99689.57447,2.288553623,stumping
898,-80.52725925,25.5326557,178884.3019,4.106611142,fungicide
899,-80.48748591,25.51275157,209404.6593,4.807260883,stumping
900,-80.48888183,25.51278046,388727.1044,8.92393039,stumping
901,-80.492994,25.51136475,224832.788,5.161441348,stumping
902,-80.49107322,25.51137669,210696.2958,4.836912723,stumping
903,-80.42065017,25.55761301,222386.9067,5.10529174,stumping
904,-80.42716384,25.5557287,864789.4432,19.85279829,nothing
905,-80.42619876,25.55436901,219112.2255,5.030115538,stumping
906,-80.42554488,25.55292561,136607.417,3.136069151,fungicide
907,-80.42815308,25.55151314,36857.24362,0.84612437,stumping
908,-80.40738215,25.55911019,106442.5242,2.44357974,scout & rogue
909,-80.40735261,25.55768075,197600.6276,4.536278088,nothing
910,-80.42718562,25.55710421,431767.2789,9.911995068,stumping
911,-80.41513934,25.55664197,3975.097145,0.09125551,scout & rogue
912,-80.41616479,25.55578322,364927.1732,8.37756013,nothing
913,-80.41881183,25.5569662,41783.26551,0.95921007,scout & rogue
914,-80.40327712,25.55411609,189803.9406,4.357291104,nothing
915,-80.42727245,25.55985894,446357.0829,10.24693028,stumping
916,-80.42288526,25.55800483,61505.1568,1.411961584,stumping
917,-80.421721,25.55801029,90830.99009,2.085188873,scout & rogue
918,-80.42425441,25.55466425,79750.54737,1.830817366,scout & rogue
919,-80.42417503,25.55538668,178692.1611,4.102200204,stumping
920,-80.4241859,25.55621169,223487.6305,5.130560836,nothing
921,-80.4241691,25.55492831,44652.54769,1.025079607,fungicide
922,-80.43616466,25.53810125,847854.012,19.46401498,stumping
923,-80.44242813,25.54678659,214710.8473,4.929073979,stumping
924,-80.40034603,25.54976088,1066939.709,24.49352151,fungicide
925,-80.39812763,25.55080075,145140.3064,3.331956986,nothing
926,-80.44240907,25.56034301,267734.658,6.146330997,stumping
927,-80.44454823,25.56338111,209812.78,4.816630028,nothing
928,-80.46144527,25.55232121,33253.94371,0.763404135,stumping
929,-80.44847593,25.53934351,225028.5689,5.165935851,stumping
930,-80.44598312,25.54074162,193219.6129,4.435704009,fungicide
931,-80.44455343,25.55878338,211535.5086,4.856178364,nothing
932,-80.42981311,25.55297944,400759.9474,9.20016596,scout & rogue
933,-80.43078809,25.55383775,209645.6941,4.81279427,fungicide
934,-80.43176825,25.55293396,432637.774,9.93197885,scout & rogue
935,-80.43582454,25.55287967,412327.612,9.465722523,scout & rogue
936,-80.44712157,25.53712644,128496.3374,2.949864718,scout & rogue
937,-80.45199431,25.54304451,320908.3396,7.367028571,stumping
938,-80.45174169,25.54029344,48769.60962,1.119594174,stumping
939,-80.4464786,25.53845502,208637.4677,4.789648618,scout & rogue
940,-80.40574247,25.54856409,460431.4627,10.570033,nothing
941,-80.44609453,25.55191376,183948.2141,4.222862361,stumping
942,-80.46632869,25.54469803,112985.9338,2.593795485,stumping
943,-80.46093258,25.54759838,49058.68688,1.126230463,fungicide
944,-80.42001278,25.55065572,199313.4823,4.57559975,nothing
945,-80.44800006,25.54947566,346604.2529,7.956924513,nothing
946,-80.45305846,25.548838,43632.00527,1.001651219,scout & rogue
947,-80.4542897,25.54631451,133960.3951,3.075301998,scout & rogue
948,-80.41999191,25.54890069,211050.7171,4.845049102,fungicide
949,-80.39537522,25.53985841,191217.5074,4.389742074,nothing
950,-80.4505894,25.54861927,205829.1163,4.725177857,scout & rogue
951,-80.45238108,25.5485405,171604.1542,3.939482247,stumping
952,-80.45253517,25.54771116,206812.3621,4.747750034,nothing
953,-80.45525724,25.54586662,92711.05235,2.128349087,nothing
954,-80.43031634,25.55014019,414128.4423,9.507063824,stumping
955,-80.42662409,25.54652129,212114.4994,4.86947014,fungicide
956,-80.42209535,25.54593437,124756.8808,2.864018761,fungicide
957,-80.42613537,25.54432823,187531.3526,4.305119755,stumping
958,-80.47362542,25.56193306,5373378.464,123.3555747,stumping
959,-80.43514414,25.54695264,385403.9485,8.847641365,nothing
960,-80.42805996,25.54517452,206723.9764,4.745720981,stumping
961,-80.42145648,25.53879928,138764.7837,3.185595386,fungicide
962,-80.39182199,25.54134757,104734.9371,2.404379004,fungicide
963,-80.44209251,25.55239163,55256.30364,1.268507911,fungicide
964,-80.45954589,25.54436214,780361.1738,17.91459539,nothing
965,-80.46117367,25.54448599,87142.06457,2.000502948,stumping
966,-80.43835954,25.5477401,192341.2525,4.415539665,nothing
967,-80.41857867,25.55218997,204833.7549,4.702327544,fungicide
968,-80.47302544,25.55243074,903246.753,20.73565506,nothing
969,-80.45451662,25.54210966,147291.9218,3.38135119,fungicide
970,-80.45567305,25.54135789,222696.4658,5.112398226,stumping
971,-80.44442742,25.54723824,384271.3007,8.821639396,nothing
972,-80.44433874,25.54521491,354222.4664,8.131814317,nothing
973,-80.38776827,25.54557158,100126.6513,2.298587509,scout & rogue
974,-80.43036766,25.55801031,209060.7411,4.799365621,fungicide
975,-80.43037903,25.55937981,427521.702,9.814530208,stumping
976,-80.47348693,25.55737588,179399.9146,4.118447959,fungicide
977,-80.47567698,25.55245383,1642862.215,37.7148593,fungicide
978,-80.46016383,25.54247795,205216.9091,4.711123539,nothing
979,-80.44440632,25.54860165,239356.8924,5.494868307,fungicide
980,-80.44036218,25.54408574,216671.3746,4.974081412,stumping
981,-80.44240775,25.54541774,451862.0363,10.37330639,nothing
982,-80.44238786,25.5426329,421696.4597,9.680801286,scout & rogue
983,-80.38898848,25.55037789,51893.0921,1.191299337,scout & rogue
984,-80.43041844,25.56258873,210638.2858,4.835580999,nothing
985,-80.43043706,25.56350721,216399.8993,4.967849208,fungicide
986,-80.4481584,25.56466239,207104.4834,4.754456205,stumping
987,-80.46442014,25.55552484,218091.8125,5.006690121,stumping
988,-80.46310523,25.5547077,200153.0009,4.594872411,scout & rogue
989,-80.45992535,25.53901254,103463.6416,2.375194127,stumping
990,-80.42804654,25.54104324,421997.107,9.687703186,stumping
991,-80.43232692,25.55891345,217568.2903,4.994671727,fungicide
992,-80.4641857,25.55396846,318859.6834,7.31999798,nothing
993,-80.46895258,25.55660568,1107057.146,25.41448949,nothing
994,-80.46105069,25.53793833,69927.34105,1.605307983,fungicide
995,-80.44087313,25.54544372,228179.5069,5.238271304,scout & rogue
996,-80.44437261,25.53755113,660874.3052,15.17155925,stumping
997,-80.41792785,25.54286055,410742.3093,9.429329046,scout & rogue
998,-80.43635872,25.55523241,204664.3693,4.698438993,nothing
999,-80.46480392,25.54565527,206397.7512,4.738231895,fungicide
1000,-80.46678872,25.54560653,214681.4257,4.928398554,stumping
1001,-80.43620478,25.54184737,436741.4588,10.02618632,fungicide
1002,-80.43423978,25.54327295,224768.1789,5.159958129,fungicide
1003,-80.4362197,25.54325773,202413.9553,4.646776689,scout & rogue
1004,-80.41787682,25.5392033,435364.9105,9.994585177,stumping
1005,-80.43859666,25.55889779,177861.7237,4.083136019,fungicide
1006,-80.43866974,25.56298977,417635.1996,9.58756775,scout & rogue
1007,-80.44046849,25.5560862,214988,4.935436518,stumping
1008,-80.42908309,25.57865833,349761.2632,8.029399367,scout & rogue
1009,-80.42671481,25.57873857,671033.0659,15.40477189,fungicide
1010,-80.42823921,25.58222399,784202.4992,18.00277993,stumping
1011,-80.42601783,25.58243382,491315.6967,11.27903619,stumping
1012,-80.45712277,25.56881414,106682.8375,2.449096564,nothing
1013,-80.41835077,25.58020357,222939.27,5.117972234,stumping
1014,-80.41810202,25.57430801,346107.3261,7.945516664,fungicide
1015,-80.475303,25.56973007,440807.1682,10.119522,nothing
1016,-80.41822845,25.56776883,908575.5219,20.85798654,fungicide
1017,-80.42769624,25.58139695,40564.83094,0.931238711,fungicide
1018,-80.42694217,25.58080672,20238.36822,0.464608172,scout & rogue
1019,-80.42694385,25.58134387,49093.0845,1.127020122,stumping
1020,-80.46567887,25.59119526,67248.64392,1.543813669,fungicide
1021,-80.42844518,25.56819013,237489.148,5.451990873,stumping
1022,-80.43066845,25.59340962,241979.203,5.555068167,nothing
1023,-80.43296337,25.58944646,2203579.786,50.58714043,scout & rogue
1024,-80.43719222,25.59311948,177432.6204,4.07328518,stumping
1025,-80.47282278,25.58988862,221864.3562,5.093295652,stumping
1026,-80.47080651,25.58991219,212466.8838,4.877559758,stumping
1027,-80.4670614,25.57179737,437600.5863,10.04590914,nothing
1028,-80.46252954,25.56608268,139621.3739,3.205259956,nothing
1029,-80.4351897,25.59276047,560301.0821,12.86271988,nothing
1030,-80.43521959,25.59228388,120052.9937,2.756032566,stumping
1031,-80.43066406,25.59147065,219552.7623,5.040228854,nothing
1032,-80.4324876,25.5910636,409280.7295,9.395775851,fungicide
1033,-80.4383094,25.59472558,198253.2332,4.551259824,fungicide
1034,-80.43822127,25.57577009,226926.1908,5.209499177,fungicide
1035,-80.44358289,25.59089162,2858420.248,65.62018195,stumping
1036,-80.47485125,25.58611952,213939.6915,4.91137071,fungicide
1037,-80.46421373,25.58522297,321001.1972,7.369160284,scout & rogue
1038,-80.43827438,25.58930274,436523.3444,10.02117911,nothing
1039,-80.44020598,25.588206,112623.6313,2.585478179,nothing
1040,-80.44521922,25.57169451,61337.68667,1.408117005,nothing
1041,-80.39791737,25.57114937,217508.292,4.993294358,scout & rogue
1042,-80.44135115,25.58565006,238068.1291,5.465282426,fungicide
1043,-80.44131614,25.5843785,213382.3261,4.898575384,fungicide
1044,-80.43830898,25.56665739,334616.5438,7.681725073,nothing
1045,-80.40072276,25.57252398,105933.513,2.431894471,scout & rogue
1046,-80.39735182,25.5665723,112586.3797,2.584623001,scout & rogue
1047,-80.44680827,25.57624419,201169.619,4.618210709,fungicide
1048,-80.44679898,25.57532157,201481.1353,4.625362127,nothing
1049,-80.43810565,25.5707666,86013.44935,1.974593554,fungicide
1050,-80.46977971,25.58955916,84698.74967,1.944412256,fungicide
1051,-80.46908147,25.58958162,56651.34074,1.300533499,nothing
1052,-80.44715192,25.57368778,62946.60848,1.445052702,nothing
1053,-80.44200918,25.56989191,61408.64471,1.409745975,nothing
1054,-80.46584109,25.58829413,119540.3318,2.744263489,nothing
1055,-80.46775587,25.58826925,207968.4819,4.774290845,fungicide
1056,-80.46089529,25.57432288,251704.3323,5.778326016,scout & rogue
1057,-80.45494306,25.57932922,440389.3976,10.10993132,stumping
1058,-80.43196135,25.57040807,225439.2058,5.17536276,nothing
1059,-80.43694437,25.56624641,94499.19532,2.169399127,scout & rogue
1060,-80.43298263,25.57043563,215811.2137,4.954334871,stumping
1061,-80.42858651,25.59339972,229601.9909,5.270926985,stumping
1062,-80.42857003,25.59245747,249906.2742,5.737048356,scout & rogue
1063,-80.46102027,25.58425589,201692.5334,4.630215151,fungicide
1064,-80.46454189,25.57562983,153963.0103,3.534498035,stumping
1065,-80.46662684,25.57547054,213498.1107,4.901233428,fungicide
1066,-80.46762795,25.57544444,213425.8307,4.89957411,nothing
1067,-80.43647677,25.56805801,212669.2306,4.882204993,scout & rogue
1068,-80.43429959,25.56658776,314307.7511,7.21550018,nothing
1069,-80.4149108,25.57870908,1196004.438,27.45643468,scout & rogue
1070,-80.45894382,25.52038223,226721.5014,5.204800163,fungicide
1071,-80.45996086,25.52037313,226599.5902,5.202001472,fungicide
1072,-80.44453233,25.51430811,42684.5954,0.97990172,scout & rogue
1073,-80.44182993,25.51366432,37202.58791,0.85405237,scout & rogue
1074,-80.44258461,25.51314815,40976.16022,0.940681515,stumping
1075,-80.44345427,25.51166783,41338.27744,0.948994568,nothing
1076,-80.44402523,25.51246916,46053.60395,1.057243375,nothing
1077,-80.4434228,25.51249117,37046.68252,0.850473281,fungicide
1078,-80.50792313,25.46048861,660380.5434,15.16022406,nothing
1079,-80.50262333,25.45391957,102640.9771,2.356308383,stumping
1080,-80.50255727,25.45346403,108880.5282,2.49954851,scout & rogue
1081,-80.51562697,25.43714164,431720.4781,9.910920672,fungicide
1082,-80.52780908,25.44057402,190905.2835,4.382574412,nothing
1083,-80.52779022,25.43846632,1628077.771,37.37545577,nothing
1084,-80.52926122,25.4782359,660285.3419,15.15803854,scout & rogue
1085,-80.49885221,25.4838215,183378.4514,4.209782433,fungicide
1086,-80.49132621,25.4912535,112494.8458,2.582521676,nothing
1087,-80.50868394,25.46552484,225636.6925,5.179896422,nothing
1088,-80.50332342,25.45735323,99029.90309,2.273409679,fungicide
1089,-80.53821433,25.47080616,1893329.293,43.46478191,nothing
1090,-80.53808103,25.46577984,6847684.125,157.2009149,fungicide
1091,-80.51457185,25.50516668,115549.6771,2.652650827,stumping
1092,-80.53531367,25.47357112,204745.0841,4.700291947,nothing
1093,-80.53474791,25.45655212,211015.5985,4.844242892,fungicide
1094,-80.53596747,25.45260531,419953.5582,9.640789845,scout & rogue
1095,-80.53532319,25.47446444,212044.8725,4.867871729,fungicide
1096,-80.5090783,25.4458403,438740.3594,10.07207468,fungicide
1097,-80.50412787,25.44675172,169647.2288,3.894557502,scout & rogue
1098,-80.55384644,25.47898939,109877.7351,2.522441189,fungicide
1099,-80.55284146,25.4789967,110112.6818,2.527834814,stumping
1100,-80.51937088,25.4636394,108520.0951,2.491274119,fungicide
1101,-80.54858525,25.48021302,245952.4927,5.646282184,stumping
1102,-80.54984024,25.4801819,167663.4473,3.849016227,fungicide
1103,-80.54976972,25.4776823,174811.9848,4.013123773,scout & rogue
1104,-80.54882313,25.47768993,193519.138,4.442580147,nothing
1105,-80.49721207,25.47600787,190694.3176,4.37773131,fungicide
1106,-80.4961719,25.47596199,178003.2876,4.086385873,scout & rogue
1107,-80.5193605,25.46272617,106685.7614,2.449163687,nothing
1108,-80.5280439,25.47471146,60002.10305,1.377456279,scout & rogue
1109,-80.52803651,25.47427126,60001.93473,1.377452415,stumping
1110,-80.5330069,25.45994817,99102.88297,2.275085064,stumping
1111,-80.53297943,25.45762323,98945.0423,2.271461547,stumping
1112,-80.54559164,25.48024931,78755.96762,1.807984997,fungicide
1113,-80.51229598,25.47787009,217676.3545,4.997152535,nothing
1114,-80.51281638,25.48011384,215781.4123,4.953650726,nothing
1115,-80.50120746,25.47471055,91545.34556,2.101588189,fungicide
1116,-80.50022072,25.47635279,130725.7787,3.001045556,nothing
1117,-80.5278101,25.49011867,52976.08264,1.216161334,scout & rogue
1118,-80.51171378,25.4604724,1792494.765,41.14994382,stumping
1119,-80.52982868,25.4893902,51544.99023,1.183308032,scout & rogue
1120,-80.530805,25.49094576,67657.0635,1.553189675,scout & rogue
1121,-80.53140103,25.48915153,208301.5446,4.781936899,nothing
1122,-80.51980992,25.45266069,427956.5414,9.82451273,stumping
1123,-80.52390003,25.45676272,1800782.462,41.34020282,stumping
1124,-80.52242174,25.46129462,209743.9934,4.815050908,fungicide
1125,-80.51410104,25.44673238,221404.3394,5.082735139,fungicide
1126,-80.51407926,25.44490241,223928.0745,5.140672021,fungicide
1127,-80.53633673,25.48594645,1746905.59,40.10336225,fungicide
1128,-80.50815711,25.48516393,130314.7298,2.991609189,stumping
1129,-80.50279935,25.48157319,439651.1063,10.09298252,nothing
1130,-80.51625124,25.46044432,441804.9911,10.14242882,scout & rogue
1131,-80.52123668,25.4439355,873737.7084,20.05822182,fungicide
1132,-80.53532829,25.48005976,208828.3959,4.794031719,nothing
